category,quantity,rate,cost
1,92.774,1,92.774
2,0,2.5,0.0
3,85.30799999999999,4,341.23199999999997
4,0,5,0.0
5,0,6,0.0
total,,,434.006
