category,quantity,rate,cost
1,3.068,1.0,3.068
2,40.884,2.5,102.21000000000001
3,18.408,4.0,73.632
4,0.0,5.0,0.0
5,0.0,6.0,0.0
total,178.91000000000003,,
